<?xml version="1.0" encoding="utf-8"?>
<!DOCTYPE install SYSTEM "http://dev.joomla.org/xml/1.5/component-install.dtd">
<install type="component" version="1.5.0">
	<name>apdmusers</name>	
	<creationDate>January 2009</creationDate>
	<author>Phuc Le</author>
	<authorEmail>lediemphuc@gmail.com</authorEmail>
	<authorUrl>http://www.lediemphuc.com</authorUrl>
	<copyright>(C) 2009 All rights reserved.</copyright>
	<license>GNU/GPL</license>
	<version>1.5.0</version>
	  <description>
	  This component to management APDM user
   </description> 
	<files>
		<filename>index.html</filename>		
	</files>
	<languages>
		<language tag="en-GB">en-GB.com_apdmusers.ini</language>
	</languages>	
	<administration>	
	
		<menu img="user.png">APDM Users Management</menu>
		<submenu>			
			<menu link="option=com_apdmusers&amp;task=list">List APDM Users!</menu>
			<menu link="option=com_apdmusers&amp;task=new">Add New APDM User!</menu>
		</submenu>		
		<files folder="admin">
		 <filename>index.html</filename>
		 <filename>apdmusers.php</filename>	
		<filename>controller.php</filename>
		</files>
		<languages folder="admin">
			<language tag="en-GB">en-GB.com_apdmusers.ini</language>			
		</languages>		
		
	</administration>
</install>
