<?xml version="1.0" encoding="utf-8"?>
<!DOCTYPE install SYSTEM "http://dev.joomla.org/xml/1.5/component-install.dtd">
<install type="component" version="1.5.0">
	<name>apdmrecylebin</name>	
	<creationDate>February 2009</creationDate>
	<author>Phuc Le</author>
	<authorEmail>lediemphuc@gmail.com</authorEmail>
	<authorUrl>http://www.lediemphuc.com</authorUrl>
	<copyright>(C) 2009 All rights reserved.</copyright>
	<license>GNU/GPL</license>
	<version>1.5.0</version>
	  <description>
	  This component to management ADP Recyle Bin
   </description> 
	<files>
		<filename>index.html</filename>		
	</files>
	<languages>
		<language tag="en-GB">en-GB.com_apdmrecylebin.ini</language>
	</languages>	
	<administration>		
		<menu img="generic.png">ADP ECO Management</menu>	
		<submenu>
			<menu link="option=com_apdmrecylebin&amp;task=ccs">Commodity Code</menu>
			<menu link="option=com_apdmrecylebin&amp;task=info">Info VD/SP/MF</menu>
			<menu link="option=com_apdmrecylebin&amp;task=eco">ECO</menu>
			<menu link="option=com_apdmrecylebin&amp;task=pns">Part Number</menu>
		</submenu>			
		<files folder="admin">
		 <filename>index.html</filename>
		 <filename>apdmrecylebin.php</filename>	
		<filename>controller.php</filename>
		</files>
		<languages folder="admin">
			<language tag="en-GB">en-GB.com_apdmrecylebin.ini</language>			
		</languages>		
		
	</administration>
</install>
