<?xml version="1.0" encoding="utf-8"?>
<!DOCTYPE install SYSTEM "http://dev.joomla.org/xml/1.5/component-install.dtd">
<install type="component" version="1.5.0">
	<name>apdmsuppliers</name>	
	<creationDate>February 2009</creationDate>
	<author>Phuc Le</author>
	<authorEmail>lediemphuc@gmail.com</authorEmail>
	<authorUrl>http://www.lediemphuc.com</authorUrl>
	<copyright>(C) 2009 All rights reserved.</copyright>
	<license>GNU/GPL</license>
	<version>1.5.0</version>
	  <description>
	  This component to management APDM Infomation of Supplier
   </description> 
	<files>
		<filename>index.html</filename>		
	</files>
	<languages>
		<language tag="en-GB">en-GB.com_apdmsuppliers.ini</language>
	</languages>	
	<administration>		
		<menu img="generic.png">APDM Information Supplier Management</menu>				
		<files folder="admin">
		 <filename>index.html</filename>
		 <filename>apdmsuppliers.php</filename>	
		<filename>controller.php</filename>
		</files>
		<languages folder="admin">
			<language tag="en-GB">en-GB.com_apdmsuppliers.ini</language>			
		</languages>		
		
	</administration>
</install>
